INSERT INTO Filme (id, nome, duracao, dt_lancamento, genero, quantidade, capa)
VALUES (1, 'Fight Club', 139, '1999-10-29', 'DRAMA', 2, 'https://images-na.ssl-images-amazon.com/images/M/MV5BMzFjMWNhYzQtYTIxNC00ZWQ1LThiOTItNWQyZmMxNDYyMjA5XkEyXkFqcGdeQXVyNzkwMjQ5NzM@._V1_UX182_CR0,0,182,268_AL_.jpg');
INSERT INTO Sinopse (id, sinopse_filme, filme_id) VALUES (1, 'An insomniac office worker, looking for a way to change his life, crosses paths with a devil-may-care soap maker, forming an underground fight club that evolves into something much, much more.', 1);
INSERT INTO Filme_Ator (id_filme, id_ator) VALUES (1, 1);
INSERT INTO Filme_Ator (id_filme, id_ator) VALUES (1, 2);
INSERT INTO Filme_Ator (id_filme, id_ator) VALUES (1, 3);
INSERT INTO Filme_Ator (id_filme, id_ator) VALUES (1, 4);

INSERT INTO Filme (id, nome, duracao, dt_lancamento, genero, quantidade, capa)
VALUES (2, 'Interstellar', 169, '2014-11-06', 'SCI_FI', 3, 'https://images-na.ssl-images-amazon.com/images/M/MV5BZjdkOTU3MDktN2IxOS00OGEyLWFmMjktY2FiMmZkNWIyODZiXkEyXkFqcGdeQXVyMTMxODk2OTU@._V1_UX182_CR0,0,182,268_AL_.jpg');
INSERT INTO Sinopse (id, sinopse_filme, filme_id) VALUES (2, 'A team of explorers travel through a wormhole in space in an attempt to ensure humanity''s survival.', 2);
INSERT INTO Filme_Ator (id_filme, id_ator) VALUES (2, 5);
INSERT INTO Filme_Ator (id_filme, id_ator) VALUES (2, 6);
INSERT INTO Filme_Ator (id_filme, id_ator) VALUES (2, 7);
INSERT INTO Filme_Ator (id_filme, id_ator) VALUES (2, 8);
